<?xml version="1.0" encoding="UTF-8"?>
<!-- Copyright 2009-2012 The MyBatis Team Licensed under the Apache License, 
	Version 2.0 (the "License"); you may not use this file except in compliance 
	with the License. You may obtain a copy of the License at http://www.apache.org/licenses/LICENSE-2.0 
	Unless required by applicable law or agreed to in writing, software distributed 
	under the License is distributed on an "AS IS" BASIS, WITHOUT WARRANTIES 
	OR CONDITIONS OF ANY KIND, either express or implied. See the License for 
	the specific language governing permissions and limitations under the License. -->
<!DOCTYPE mapper PUBLIC "-//mybatis.org//DTD Mapper 3.0//EN" "http://mybatis.org/dtd/mybatis-3-mapper.dtd">
<mapper namespace="au.com.westpac.mac.rule.dao.RuleDAO">

	
	 
	<resultMap type="au.com.westpac.mac.rule.entity.CheckListEntity" id="checkListDetails">
		<result column="checkListId" property="checkListId" />
		<result column="checkListName" property="checkListName" />
	</resultMap>
	
	<resultMap type="au.com.westpac.mac.rule.entity.RuleGroupEntity" id="ruleGroupDetails">
		<result column="ruleGroupId" property="ruleGroupId" />
		<result column="ruleGroupName" property="ruleGroupName" />
	</resultMap>
	
	<resultMap type="au.com.westpac.mac.rule.entity.RuleEntity" id="ruleDetails">
		<result column="ruleId" property="ruleId" />
		<result column="ruleName" property="ruleName" />
		<result column="ruleTypeId" property="ruleTypeId" />
		<result column="ruleDescription" property="ruleDescription" />
		<result column="shownToBanker" property="shownToBanker" />
		<collection property="ruleConfigList" ofType="au.com.westpac.mac.rule.entity.RuleConfigEntity">	
			<id column="id" property="id" />
			<result column="ruleConfigRuleId" property="ruleId" />
			<result column="configId" property="configId" />
			<result column="value" property="value" />
			<result column="description" property="description" />
			<result column="isConfigurableFromScreen" property="isConfigurableFromScreen" />
		</collection>
	</resultMap>
	
	<resultMap type="au.com.westpac.mac.rule.entity.CheckListRuleGroupMapEntity" id="checkListRuleGroupMap">
		<result column="checkListId" property="checkListId" />
		<result column="ruleGroupId" property="ruleGroupId" />
		<result column = "isAfterDisplay" property = "afterDisplay"/>
	</resultMap>
	
	<resultMap type="au.com.westpac.mac.rule.entity.RuleGroupRuleMapEntity" id="ruleGroupRuleMap">
		<result column="ruleGroupId" property="ruleGroupId" />
		<result column="ruleId" property="ruleId" />
		<result column="seqNo" property="seqNo" />
		<result column="successActionId" property="successActionId" />
		<result column="successNextId" property="successNextId" />
		<result column="failureActionId" property="failureActionId" />
		<result column="failureNextId" property="failureNextId" />
		<result column="notApplicableActionId" property="notApplicableActionId" />
		<result column="notApplicableNextId" property="notApplicableNextId" />
	</resultMap>
	
	<resultMap type="au.com.westpac.mac.rule.entity.RuleConfigEntity" id="ruleConfigDetails">
		<result column="ruleId" property="ruleId" />
		<result column="configId" property="configId" />
		<result column="value" property="value" />
	</resultMap>
	
	<resultMap type="au.com.westpac.mac.rule.entity.ProductRuleConfigEntity" id="productRuleConfigDetails">
		<result column="RuleGroupId" property="ruleGroupId" />
		<result column="ruleId" property="ruleId" />
		<result column="configId" property="configId" />
		<result column="value" property="value" />
	</resultMap>

	
</mapper>
