<?xml version="1.0" encoding="UTF-8"?>
<beans xmlns="http://www.springframework.org/schema/beans"
	xmlns:xsi="http://www.w3.org/2001/XMLSchema-instance" xmlns:aop="http://www.springframework.org/schema/aop"
	xmlns:context="http://www.springframework.org/schema/context"
	xmlns:jee="http://www.springframework.org/schema/jee" xmlns:lang="http://www.springframework.org/schema/lang"
	xmlns:p="http://www.springframework.org/schema/p" xmlns:tx="http://www.springframework.org/schema/tx"
	xmlns:util="http://www.springframework.org/schema/util"
	xmlns:ehcache="http://ehcache-spring-annotations.googlecode.com/svn/schema/ehcache-spring"

	xsi:schemaLocation="http://www.springframework.org/schema/beans  http://www.springframework.org/schema/beans/spring-beans.xsd
       	http://www.springframework.org/schema/aop http://www.springframework.org/schema/aop/spring-aop.xsd  
       	http://www.springframework.org/schema/context http://www.springframework.org/schema/context/spring-context.xsd
       	http://www.springframework.org/schema/jee http://www.springframework.org/schema/jee/spring-jee.xsd
       	http://www.springframework.org/schema/lang http://www.springframework.org/schema/lang/spring-lang.xsd
       	http://www.springframework.org/schema/tx http://www.springframework.org/schema/tx/spring-tx.xsd         
        http://www.springframework.org/schema/util http://www.springframework.org/schema/util/spring-util.xsd
        http://ehcache-spring-annotations.googlecode.com/svn/schema/ehcache-spring
        http://ehcache-spring-annotations.googlecode.com/svn/schema/ehcache-spring/ehcache-spring-1.1.xsd">


	<!-- <import resource="rule-dao.xml" /> -->

	<context:annotation-config lazy-init="true" />
	<context:component-scan base-package="au.com.westpac.mac.rule" />

	<bean id="ruleService" class="au.com.westpac.mac.rule.service.impl.RuleServiceImpl" />

	<!--Start : Added For LVR Test Harness <bean id="LVRDetailsValidator" class="au.com.westpac.mac.rule.test.LVRDetailsValidator"/> 
		<bean id="LVRTestDataHelper" class="au.com.westpac.mac.rule.test.LVRTestDataHelper"/> 
		<bean id="referenceDataHelper" class="au.com.westpac.mac.rule.test.ReferenceDataHelper"/> 
		<bean id="retrieveRuleResultList" class="au.com.westpac.mac.testharness.connect.ruleengine.RetrieveRuleResultList"/> 
		End : Added For LVR Test Harness -->

	<!-- <bean id="dataSource"        
        class="org.springframework.jdbc.datasource.DriverManagerDataSource" 
	     p:driverClassName="com.microsoft.sqlserver.jdbc.SQLServerDriver"    
	     p:url=" jdbc:sqlserver://AU221ALP0163:1433;instanceName=SQLEXPRESS;databaseName=NEW_MAC_Nov14"
	     p:username="macuser"    
	     p:password="macuser"/>  
	<bean id="sqlSessionFactory" class="org.mybatis.spring.SqlSessionFactoryBean">
		<property name="dataSource" ref="dataSource" />
		
	</bean> 

	<bean id="txManager"
		class="org.springframework.jdbc.datasource.DataSourceTransactionManager">
		<property name="dataSource" ref="dataSource" />
	</bean> -->
	
	<bean id="dataSource" class="org.springframework.jndi.JndiObjectFactoryBean">
		<property name="jndiName">
			<value>jdbc/mac</value>
		</property>
		<property name="lookupOnStartup">
			<value>true</value>
		</property>
	</bean>

	<bean id="sqlSessionFactory" class="org.mybatis.spring.SqlSessionFactoryBean">
		<property name="dataSource" ref="dataSource" />
		<property name="plugins">
            <array>
                <bean class="au.com.westpac.mac.dao.DataAccessInterceptor"/>
            </array>
        </property>
	</bean>

	<bean id="transactionManager"
		class="org.springframework.jdbc.datasource.DataSourceTransactionManager">
		<property name="dataSource" ref="dataSource" />
	</bean>
	

	<bean id="ruleDAO" class="org.mybatis.spring.mapper.MapperFactoryBean">
		<property name="mapperInterface" value="au.com.westpac.mac.rule.dao.RuleDAO" />
		<property name="sqlSessionFactory" ref="sqlSessionFactory" />
	</bean>

	<bean id="ruleExecutionUtil" class="au.com.westpac.mac.rule.util.RuleExecutionUtil" />

	<bean id="ruleUtil" class="au.com.westpac.mac.rule.util.RuleUtil" />
	<bean id="ruleEngine" class="au.com.westpac.mac.rule.engine.RuleEngine">
	</bean>

	<bean id="checkListFactory"
		class="org.springframework.beans.factory.config.ServiceLocatorFactoryBean"
		lazy-init="true">
		<property value="au.com.westpac.mac.rule.checklist.CheckListFactory"
			name="serviceLocatorInterface">
		</property>
	</bean>
	<bean id="ruleGroupFactory"
		class="org.springframework.beans.factory.config.ServiceLocatorFactoryBean"
		lazy-init="true">
		<property value="au.com.westpac.mac.rule.rulegroup.RuleGroupFactory"
			name="serviceLocatorInterface">
		</property>
	</bean>

	<bean id="ruleFactory"
		class="org.springframework.beans.factory.config.ServiceLocatorFactoryBean"
		lazy-init="true">
		<property value="au.com.westpac.mac.rule.domain.RuleFactory"
			name="serviceLocatorInterface">
		</property>
	</bean>

</beans>